"","Player","Team","MarketValue","Age","Matches","Contract","Goals","Assists","Minutes","Height","AtClub","BothFeet","OwnGoals","Yellow","YellowRed","Red","SubOn","SubOff","Position"
"1","Zakaria Bakkali","PSV Eindhoven",2500000,18,16,1,3,0,679,164,1,1,0,0,0,0,9,6,"Forward"
"2","Rochdi Achenteh","Vitesse",9e+05,26,23,2,1,2,2001,165,0.5,0,0,5,0,0,0,3,"Defender"
"3","Shadrach Eghan Kwesi","FC Twente Enschede",1500000,19,24,3,5,5,1231,165,1,0,0,3,0,0,7,16,"Midfielder"
"4","Angelo Cijntje","FC Groningen",2e+05,33,1,0,0,0,4,167,1,1,0,0,0,0,1,0,"Defender"
"5","Denis Mahmudov","PEC Zwolle",150000,24,6,1,1,0,274,167,0.5,1,0,0,0,0,3,2,"Forward"
"6","Bilal Ould-Chikh","FC Twente Enschede",50000,16,1,2,0,0,22,167,0.5,0,0,0,0,0,1,0,"Forward"
"7","Lerin Duarte","AFC Ajax",3e+06,23,19,3,5,0,1065,168,1,0,0,3,0,0,9,3,"Midfielder"
"8","Tommy Oar","FC Utrecht",1500000,22,31,1,1,6,2495,169,4,0,0,5,0,0,1,11,"Midfielder"
"9","Jordy Clasie","Feyenoord Rotterdam",7e+06,22,32,2,1,8,2833,169,2,1,1,4,0,0,0,7,"Midfielder"
"10","Jetro Willems","PSV Eindhoven",4e+06,20,28,3,4,3,2368,169,3,0,0,5,0,0,0,7,"Defender"
"11","Jarchinio Antonia","Go Ahead Eagles Deventer",6e+05,23,33,1,9,7,2638,169,3,0,0,4,0,1,2,15,"Forward"
"12","Mustafa Saymak","PEC Zwolle",7e+05,21,30,2,6,6,2345,169,3,0,0,3,0,0,1,12,"Midfielder"
"13","Elson Hooi","NAC Breda",5e+05,22,22,2,3,2,1232,169,2,0,0,4,0,0,9,6,"Forward"
"14","Romeo Castelen","RKC Waalwijk",6e+05,31,29,1,6,8,2161,170,1,0,0,1,0,0,1,18,"Forward"
"15","Bojan Krkic","AFC Ajax",7e+06,23,24,0,4,4,1352,170,1,0,0,2,0,0,7,12,"Forward"
"16","Bart van Brakel","SC Cambuur-Leeuwarden",250000,27,8,0,0,1,499,170,1,0,0,1,0,0,2,3,"Midfielder"
"17","Navarone Foor","NEC Nijmegen",1e+06,22,24,2,2,1,1510,170,3,0,0,1,0,0,8,5,"Midfielder"
"18","Tjaronn Chery","FC Groningen",1500000,25,31,2,7,6,2705,170,0,0,0,5,1,0,0,6,"Midfielder"
"19","Willie Overtoom","AZ Alkmaar",1750000,27,7,2,0,0,320,170,1.5,1,0,0,0,0,7,0,"Midfielder"
"20","Bryan Linssen","Heracles Almelo",9e+05,23,31,2,11,0,2698,170,1,0,0,7,0,0,0,3,"Forward"
"21","Pele van Anholt","sc Heerenveen",1500000,23,31,2,2,2,2747,170,2,0,0,9,0,0,0,3,"Defender"
"22","Kamohelo Mokotjo","PEC Zwolle",1e+06,23,27,2,2,2,2310,170,1,1,0,1,0,0,0,4,"Midfielder"
"23","Santiago Arias","PSV Eindhoven",1500000,22,25,3,1,3,2177,170,1,0,0,5,0,0,0,2,"Defender"
"24","Lorenzo Burnet","FC Groningen",5e+05,23,20,0,0,1,1377,170,3,0,0,3,0,0,5,4,"Defender"
"25","Felipe Gutiérrez","FC Twente Enschede",4e+06,23,33,3,3,4,2950,170,2,0,0,3,0,0,0,1,"Midfielder"
"26","Joey Belterman","Heracles Almelo",2e+05,20,2,0,0,0,72,170,2.5,0,0,0,0,0,2,0,"Midfielder"
"27","Vidarrell Papito Merencia","ADO Den Haag",75000,20,2,1,0,0,28,170,1,0,0,0,0,0,2,0,"Midfielder"
"28","Youness Mokhtar","FC Twente Enschede",2e+06,22,29,3,4,9,1717,171,1,0,0,3,0,0,11,11,"Forward"
"29","Thomas Azevedo","Go Ahead Eagles Deventer",650000,22,5,0,0,0,78,171,0.5,0,0,0,0,0,5,0,"Forward"
"30","Giovanni Hiwat","PEC Zwolle",250000,20,16,0,1,2,1046,171,3,0,0,0,0,0,5,4,"Forward"
"31","Peter Gommeren","NAC Breda",75000,22,1,0,0,0,30,171,2,0,0,0,0,0,1,0,"Midfielder"
"32","Kwame Quansah","Heracles Almelo",850000,31,25,0,0,1,1743,172,10,0,0,4,0,0,5,8,"Midfielder"
"33","Ruben Schaken","Feyenoord Rotterdam",2e+06,32,32,1,4,4,2140,172,4,0,0,2,0,0,7,14,"Forward"
"34","Mathias Gehrt","ADO Den Haag",1e+06,21,23,1,5,3,1671,172,1,0,0,3,0,0,3,9,"Forward"
"35","Thulani Serero","AFC Ajax",2e+06,24,29,1,3,4,2274,172,3,0,0,3,0,0,4,6,"Midfielder"
"36","Rémy Amieux","RKC Waalwijk",5e+05,27,34,1,2,2,3025,172,1,0,0,4,0,0,0,3,"Defender"
"37","Anouar Kali","Roda JC Kerkrade",1400000,22,29,2,1,3,2519,172,1,0,0,7,0,0,1,4,"Midfielder"
"38","Lesly de Sa","AFC Ajax",5e+05,21,12,2,1,1,514,172,1,0,0,1,0,0,7,5,"Forward"
"39","Christian Atsu","Vitesse",6e+06,22,26,0,5,7,2117,172,1,0,0,2,0,0,1,10,"Midfielder"
"40","Anthony Lurling","sc Heerenveen",5e+05,37,22,0,1,2,1544,173,0.5,0,0,2,0,0,5,9,"Forward"
"41","Jeffrey Leiwakabessy","NEC Nijmegen",250000,33,20,0,0,1,1551,173,1,0,1,3,0,0,3,2,"Defender"
"42","Anouar Hadouir","NAC Breda",5e+05,31,17,0,2,1,1008,173,2,1,0,5,0,0,5,10,"Midfielder"
"43","Zakaria Labyad","Vitesse",5500000,21,16,1,3,0,875,173,0.5,1,0,2,0,0,7,7,"Midfielder"
"44","Florian Jozefzoon","PSV Eindhoven",1500000,23,16,2,2,1,493,173,1,0,0,2,0,0,13,1,"Forward"
"45","Jesús Corona","FC Twente Enschede",3500000,21,15,3,2,0,392,173,1,1,0,1,0,0,12,3,"Forward"
"46","Iliass Bel Hassani","Heracles Almelo",450000,21,26,2,2,5,1603,173,1,0,0,2,0,0,8,8,"Midfielder"
"47","Jody Lukoki","SC Cambuur-Leeuwarden",8e+05,21,32,0,2,7,2698,173,1,0,0,7,0,0,1,10,"Forward"
"48","Elvis Manu","SC Cambuur-Leeuwarden",4e+05,20,16,0,5,2,1223,173,0.5,0,0,3,0,0,1,7,"Forward"
"49","Dario Tanda","FC Twente Enschede",250000,19,2,1,0,0,71,173,1,0,0,0,0,0,1,1,"Midfielder"
"50","Dragan Paljic","Heracles Almelo",5e+05,31,1,1,0,0,90,174,2,0,0,0,0,0,0,0,"Forward"
"51","John Goossens","Feyenoord Rotterdam",1250000,25,20,2,1,0,580,174,2,0,0,1,0,0,15,4,"Forward"
"52","Roberto Rosales","FC Twente Enschede",4e+06,25,30,0,1,2,2700,174,4,0,0,6,0,0,0,0,"Defender"
"53","Tobias Sana","AFC Ajax",6e+05,24,4,1,0,0,224,174,2,1,0,0,0,0,2,1,"Forward"
"54","Giovanni Gravenbeek","PEC Zwolle",3e+05,25,21,0,1,0,1168,174,2,0,0,1,0,0,9,2,"Midfielder"
"55","Adam Maher","PSV Eindhoven",8e+06,20,26,4,3,1,1750,174,1,0,0,1,0,0,6,10,"Midfielder"
"56","Roly Bonevacia","Roda JC Kerkrade",5e+05,22,23,1,0,0,951,174,1,0,0,3,0,2,13,3,"Midfielder"
"57","Miquel Nelom","Feyenoord Rotterdam",1e+06,23,18,1,2,3,1176,174,3,0,1,2,0,0,6,2,"Defender"
"58","Mattias Johansson","AZ Alkmaar",2e+06,22,27,2,4,2,2377,174,2.5,0,0,6,0,0,1,1,"Defender"
"59","Leroy Labylle","PEC Zwolle",3e+05,23,7,2,0,0,185,174,1,0,0,0,0,0,6,1,"Defender"
"60","Quincy Promes","FC Twente Enschede",3e+06,22,31,3,11,8,2724,174,1,1,0,2,0,0,0,6,"Forward"
"61","Yassine Ayoub","FC Utrecht",1500000,20,26,2,3,0,2051,174,2,0,0,2,0,0,2,5,"Midfielder"
"62","Renato Ibarra","Vitesse",3500000,23,32,2,1,4,2509,174,3,0,0,5,0,0,3,12,"Forward"
"63","Ryan Thomas","PEC Zwolle",3e+05,19,19,4,1,1,1392,174,1,0,0,3,0,0,2,9,"Forward"
"64","Tim Gilissen","NAC Breda",3e+05,31,16,0,0,0,1043,175,7,0,0,2,0,0,4,4,"Midfielder"
"65","Jeffrey Sarpong","NAC Breda",750000,25,30,2,2,4,2297,175,1,0,0,5,0,0,5,10,"Forward"
"66","Georginio Wijnaldum","PSV Eindhoven",7e+06,23,11,1,4,0,875,175,3,0,0,1,0,0,2,1,"Midfielder"
"67","Patrick van Aanholt","Vitesse",3500000,23,27,0,4,3,2355,175,2.5,0,1,2,0,1,0,1,"Defender"
"68","Donny Gorter","AZ Alkmaar",850000,25,7,2,0,0,321,175,2,0,0,1,0,0,4,2,"Defender"
"69","Furdjel Narsingh","PEC Zwolle",3e+05,26,11,0,2,1,340,175,3,0,0,0,0,0,9,2,"Forward"
"70","Martijn van der Laan","SC Cambuur-Leeuwarden",4e+05,25,31,1,0,1,2707,175,3,0,0,6,0,1,0,3,"Defender"
"71","Xander Houtkoop","Go Ahead Eagles Deventer",450000,25,33,0,3,6,2530,175,3,0,0,1,0,0,3,16,"Forward"
"72","Luciano Narsingh","PSV Eindhoven",6e+06,23,20,3,0,1,761,175,2,0,0,0,0,0,12,7,"Forward"
"73","Michael de Leeuw","FC Groningen",1500000,27,24,2,9,4,1342,175,2,0,0,3,0,0,11,7,"Midfielder"
"74","Ruben Ligeon","AFC Ajax",5e+05,21,5,2,0,1,348,175,1,0,0,0,0,0,1,3,"Defender"
"75","Celso Ortiz","AZ Alkmaar",2e+06,25,27,3,0,1,2079,175,4.5,0,0,3,0,0,1,11,"Midfielder"
"76","Jesper Drost","PEC Zwolle",750000,21,24,3,3,6,1919,175,4,0,0,1,0,0,1,8,"Midfielder"
"77","Henk Dijkhuizen","Roda JC Kerkrade",8e+05,21,22,2,2,2,1884,175,1,0,0,4,0,1,0,3,"Defender"
"78","Stéfano Magnasco","FC Groningen",9e+05,21,12,1.5,0,2,1007,175,2,0,0,5,0,0,1,2,"Defender"
"79","Tonny Vilhena","Feyenoord Rotterdam",3500000,19,32,2,6,7,2599,175,2,0,0,5,0,0,3,7,"Midfielder"
"80","Lucas Bijker","SC Cambuur-Leeuwarden",450000,21,29,1,0,0,2484,175,3,0,0,6,0,1,0,4,"Defender"
"81","Mark Diemers","FC Utrecht",150000,20,14,2,0,1,728,175,2,0,0,2,0,0,8,3,"Midfielder"
"82","Ridgeciano Haps","Go Ahead Eagles Deventer",250000,20,12,0,0,0,562,175,0.5,0,0,2,0,0,7,2,"Defender"
"83","Youssef Fennich","PEC Zwolle",1e+05,21,1,0,0,0,7,175,1,1,0,0,0,0,1,0,"Midfielder"
"84","Simon Cziommer","Heracles Almelo",5e+05,33,25,0,2,4,1504,176,1,0,0,2,1,0,9,8,"Midfielder"
"85","Martijn Monteyne","Roda JC Kerkrade",6e+05,29,8,1,0,0,442,176,3,0,0,0,0,0,4,1,"Defender"
"86","Roy Beerens","AZ Alkmaar",3e+06,26,33,1,5,6,2702,176,3,1,0,1,0,0,0,9,"Forward"
"87","Wout Brama","FC Twente Enschede",3e+06,27,5,0,1,0,211,176,9,0,0,0,0,0,3,1,"Midfielder"
"88","Aaron Meijers","ADO Den Haag",750000,26,34,2,1,4,3060,176,2,0,0,3,0,0,0,0,"Defender"
"89","Édouard Duplan","FC Utrecht",1250000,30,5,1,0,0,381,176,4,0,0,0,0,0,1,1,"Midfielder"
"90","Konstantinos Lamprou","Feyenoord Rotterdam",5e+05,22,2,1,0,0,165,176,1,0,0,0,0,0,0,1,"Goalkeeper"
"91","Mikhael Rosheuvel","Heracles Almelo",7e+05,23,34,0,4,6,2628,176,1,0,0,1,0,0,3,16,"Forward"
"92","Jeffrey Rijsdijk","Go Ahead Eagles Deventer",3e+05,26,27,1,1,5,1182,176,1,0,0,0,0,0,16,8,"Midfielder"
"93","Guus Hupperts","Roda JC Kerkrade",1500000,22,34,1,9,6,2652,176,5,0,0,4,0,0,3,9,"Forward"
"94","Memphis Depay","PSV Eindhoven",5e+06,20,32,3,12,8,2694,176,2.5,0,0,1,1,0,0,10,"Forward"
"95","Cedric van der Gun","FC Utrecht",5e+05,35,13,0,2,1,882,177,2.5,0,0,3,0,0,3,4,"Forward"
"96","Mark-Jan Fledderus","Roda JC Kerkrade",9e+05,31,23,2,5,2,1789,177,3,0,0,3,0,0,2,4,"Midfielder"
"97","Bart van Hintum","PEC Zwolle",4e+05,27,28,2,0,1,1932,177,3,0,0,5,0,0,8,1,"Defender"
"98","Joran Pot","Go Ahead Eagles Deventer",1e+05,25,2,0,0,0,13,177,2,0,0,0,0,0,2,0,"Midfielder"
"99","Lars Lambooij","Go Ahead Eagles Deventer",2e+05,26,22,1,0,0,624,177,1,0,0,0,0,0,18,3,"Midfielder"
"100","Jerson Cabral","ADO Den Haag",750000,23,14,0,0,0,1059,177,1,0,0,1,0,0,1,8,"Forward"
"101","Mark van der Maarel","FC Utrecht",8e+05,24,29,2,0,2,2547,177,5,0,0,6,0,1,0,2,"Defender"
"102","Samuel Stefanik","NEC Nijmegen",5e+05,22,17,2,2,1,1072,177,1,0,0,2,0,0,3,9,"Midfielder"
"103","Krisztián Adorján","FC Groningen",750000,21,19,0,3,1,982,177,1,0,0,1,0,1,6,11,"Forward"
"104","Thomas Bruns","Heracles Almelo",1e+06,22,31,1,1,0,1520,177,3.5,0,0,5,0,0,15,11,"Midfielder"
"105","Thom Haye","AZ Alkmaar",150000,19,3,2,0,0,103,177,1,0,0,1,0,0,3,0,"Midfielder"
"106","Daan Disveld","NEC Nijmegen",150000,20,1,1,0,0,90,177,2,0,0,0,0,0,0,0,"Defender"
"107","Doke Schmidt","Go Ahead Eagles Deventer",350000,22,27,0,2,0,2421,177,1,0,0,4,0,0,0,1,"Defender"
"108","Deniz Türüc","Go Ahead Eagles Deventer",5e+05,21,31,2,3,2,2520,177,2,0,0,5,0,1,0,8,"Midfielder"
"109","Matthew Amoah","Heracles Almelo",4e+05,33,16,0,2,0,616,178,1,0,0,1,0,0,12,2,"Forward"
"110","Ji-Sung Park","PSV Eindhoven",2e+06,33,23,0,2,5,1756,178,1,1,0,1,0,0,2,12,"Midfielder"
"111","Stijn Schaars","PSV Eindhoven",5e+06,30,27,2,0,5,2120,178,1,0,0,4,0,0,1,6,"Midfielder"
"112","Bartholomew Ogbeche","SC Cambuur-Leeuwarden",3e+05,29,9,0,2,2,452,178,0.5,1,0,0,0,0,4,4,"Forward"
"113","Mitchell Schet","ADO Den Haag",6e+05,26,23,1,2,1,1436,178,1,0,0,4,0,0,7,8,"Forward"
"114","Robbert Schilder","FC Twente Enschede",2e+06,28,16,2,0,1,1162,178,2,0,0,2,0,0,2,5,"Defender"
"115","Lasse Schöne","AFC Ajax",5e+06,27,29,1,9,9,2146,178,2,0,0,1,0,0,4,6,"Midfielder"
"116","Ruud Vormer","Feyenoord Rotterdam",1e+06,25,16,1,3,5,678,178,2,0,0,2,0,0,9,2,"Midfielder"
"117","Género Zeefuik","FC Groningen",9e+05,24,14,2,3,2,445,178,2,0,0,1,0,0,10,3,"Forward"
"118","Samuel Armenteros","Feyenoord Rotterdam",1800000,23,19,0,1,4,948,178,1,0,0,0,0,0,8,9,"Forward"
"119","Erik Bakker","SC Cambuur-Leeuwarden",6e+05,24,28,1,2,1,2009,178,3,0,0,4,0,0,4,13,"Midfielder"
"120","Tom Hiariej","FC Groningen",5e+05,25,19,1,0,0,1229,178,7,0,0,2,0,0,4,10,"Midfielder"
"121","Ricky van Haaren","ADO Den Haag",5e+05,22,27,1,1,2,1578,178,1,0,0,3,0,0,10,4,"Midfielder"
"122","Tim Breukers","FC Twente Enschede",5e+05,26,4,1,0,0,196,178,2,0,0,0,0,0,2,0,"Defender"
"123","Johann Berg Gudmundsson","AZ Alkmaar",2e+06,23,31,0,3,1,1727,178,4,0,0,3,0,0,13,8,"Forward"
"124","Kelvin Leerdam","Vitesse",2500000,23,26,3,8,1,2220,178,1,0,1,9,0,0,1,2,"Defender"
"125","Marlon Pereira","SC Cambuur-Leeuwarden",2e+05,27,12,0,0,0,702,178,1,1,0,0,0,0,6,1,"Defender"
"126","Damiano Schet","RKC Waalwijk",3e+05,24,25,1,2,4,1703,178,1,0,0,0,1,0,5,12,"Forward"
"127","Jens Toornstra","FC Utrecht",3500000,25,34,3,12,3,3042,178,1.5,0,0,3,0,0,0,2,"Midfielder"
"128","Jean-Paul Boëtius","Feyenoord Rotterdam",3500000,20,29,2,10,10,2055,178,1.5,1,0,1,0,0,5,17,"Forward"
"129","Luciano Slagveer","sc Heerenveen",1e+06,21,25,1,2,3,1236,178,2.5,0,0,1,0,0,8,13,"Forward"
"130","Ninos Gouriye","ADO Den Haag",9e+05,23,15,1,1,2,814,178,1,0,0,1,0,0,5,7,"Forward"
"131","Leon van Dijk","Heracles Almelo",1e+05,22,2,0,0,0,180,178,3,0,0,1,0,0,0,0,"Defender"
"132","Omar Kavak","Go Ahead Eagles Deventer",75000,25,5,0,0,0,24,178,3,0,0,0,0,0,5,0,"Forward"
"133","Oussama Tannane","Heracles Almelo",4e+05,20,23,2,4,1,957,178,1,0,0,4,0,0,14,6,"Forward"
"134","Danny Bakker","ADO Den Haag",250000,19,23,1,3,0,1667,178,1.5,0,0,3,0,0,4,6,"Midfielder"
"135","Joost van Aken","sc Heerenveen",50000,19,6,2,2,0,391,178,1,0,0,2,0,0,2,2,"Defender"
"136","Gill Swerts","NAC Breda",3e+05,31,15,1,0,0,1002,179,1,0,0,5,0,0,4,2,"Defender"
"137","Gianni Zuiverloon","ADO Den Haag",8e+05,27,26,2,0,0,2236,179,1,0,1,4,0,0,1,4,"Defender"
"138","Fred Benson","PEC Zwolle",6e+05,30,29,0,7,1,1888,179,2,0,0,0,1,0,9,6,"Forward"
"139","Bram van Polen","PEC Zwolle",6e+05,28,27,1,1,0,2344,179,7,0,0,7,0,0,1,0,"Defender"
"140","Steve de Ridder","FC Utrecht",1e+06,27,32,2,10,6,2579,179,1,0,0,4,2,0,1,9,"Forward"
"141","Maikel Kieftenbeld","FC Groningen",1e+06,23,28,0,0,1,2296,179,4,0,0,6,0,2,1,3,"Midfielder"
"142","Athanasios Karagounis","PEC Zwolle",1e+06,22,12,2,1,1,758,179,0.5,1,0,4,0,0,3,6,"Forward"
"143","Dico Koppers","FC Twente Enschede",9e+05,22,23,3,0,2,1814,179,1,0,0,5,0,0,3,4,"Defender"
"144","Peter van Ooijen","PSV Eindhoven",5e+05,22,1,0,0,0,72,179,2,0,0,0,0,0,1,0,"Midfielder"
"145","Fernando Quesada","FC Utrecht",5e+05,20,2,3,0,0,97,179,0.5,0,0,0,0,0,1,1,"Midfielder"
"146","Adnane Tighadouini","NAC Breda",3e+05,21,9,3,1,0,352,179,0.5,1,0,0,0,0,6,2,"Forward"
"147","Bilal Basacikoglu","sc Heerenveen",750000,19,22,2,6,5,1804,179,1,0,0,2,0,0,1,8,"Forward"
"148","Dennis Gentenaar","NEC Nijmegen",1e+05,38,6,0,0,0,531,180,1,0,0,0,0,0,0,1,"Goalkeeper"
"149","Gino Coutinho","ADO Den Haag",750000,31,28,0,0,0,2349,180,6,0,0,1,0,1,0,2,"Goalkeeper"
"150","Daley Blind","AFC Ajax",6e+06,24,29,2,1,1,2503,180,5.5,1,0,5,0,0,0,6,"Midfielder"
"151","Davy De Beule","Roda JC Kerkrade",4e+05,32,6,0,1,0,240,180,3,0,0,3,0,0,4,1,"Midfielder"
"152","Daniël de Ridder","RKC Waalwijk",5e+05,30,10,0,2,1,525,180,0.5,0,0,0,0,0,6,2,"Forward"
"153","Marc Höcher","Roda JC Kerkrade",5e+05,29,29,2,2,5,1251,180,1,0,0,1,0,0,20,2,"Forward"
"154","Sepp De Roover","NAC Breda",6e+05,29,28,2,0,0,2486,180,1,0,1,4,0,0,0,1,"Defender"
"155","Hans Mulder","NEC Nijmegen",3e+05,27,9,1,0,0,531,180,1,0,0,1,0,0,4,2,"Midfielder"
"156","Krisztián Németh","Roda JC Kerkrade",9e+05,25,24,1,8,6,1733,180,2,0,0,4,0,0,2,15,"Forward"
"157","Christoph Hemlein","NEC Nijmegen",5e+05,23,29,2,4,4,1635,180,1,0,0,2,1,0,11,5,"Forward"
"158","Roland Alberg","ADO Den Haag",4e+05,23,26,2,7,4,2102,180,1,0,0,5,0,0,3,8,"Midfielder"
"159","Wout Droste","SC Cambuur-Leeuwarden",4e+05,24,33,1,1,1,2970,180,3,0,0,7,0,0,0,0,"Defender"
"160","Joey Godee","Go Ahead Eagles Deventer",4e+05,25,26,0,0,0,909,180,1,0,0,1,0,0,19,3,"Forward"
"161","Johan Martensson","FC Utrecht",750000,25,16,1,1,0,1167,180,3,0,0,2,0,0,2,5,"Midfielder"
"162","Marcel Ritzmaier","SC Cambuur-Leeuwarden",1e+06,21,30,0,3,6,2580,180,1,0,0,4,2,0,1,5,"Midfielder"
"163","Viktor Fischer","AFC Ajax",7e+06,19,24,3,3,5,1635,180,2,1,0,1,0,0,5,6,"Forward"
"164","Fernando Lewis","AZ Alkmaar",2e+05,21,5,2,0,0,69,180,2.5,1,0,0,0,0,5,0,"Forward"
"165","Marnick Vermijl","NEC Nijmegen",650000,22,28,0,3,1,2411,180,1,0,0,1,0,0,0,3,"Defender"
"166","Mitch Apau","RKC Waalwijk",3e+05,24,29,0,0,0,2121,180,1,0,0,3,0,0,6,4,"Defender"
"167","Malcolm Esajas","ADO Den Haag",250000,27,2,1,0,0,35,180,1,0,0,0,0,0,2,0,"Forward"
"168","Johan Kappelhof","FC Groningen",9e+05,23,32,3,2,1,2834,180,3,0,0,5,0,1,0,0,"Defender"
"169","Bertrand Traoré","Vitesse",5e+05,18,13,0,3,0,609,180,0.5,0,0,1,0,0,7,5,"Forward"
"170","Jason Davidson","Heracles Almelo",4e+05,22,30,0,2,3,2669,180,2.5,0,1,6,0,0,0,1,"Defender"
"171","Kenny Anderson","RKC Waalwijk",3e+05,22,25,1,4,3,1475,180,1,0,0,1,0,0,8,10,"Midfielder"
"172","Filip Kostic","FC Groningen",2500000,21,34,1,9,8,2932,180,2,0,0,3,0,0,1,8,"Forward"
"173","Elroy Pappot","FC Utrecht",250000,21,4,1,0,1,301,180,1,0,0,0,0,0,0,2,"Midfielder"
"174","Yoell van Nieff","FC Groningen",3e+05,20,11,1,0,1,659,180,2,0,0,1,0,0,4,4,"Midfielder"
"175","Mart Lieder","RKC Waalwijk",4e+05,24,1,0,0,0,18,180,2,0,0,0,0,0,1,0,"Forward"
"176","Alireza Jahanbakhsh","NEC Nijmegen",1e+06,20,27,2,5,5,1294,180,1,1,1,6,0,0,16,7,"Forward"
"177","Hakim Ziyech","sc Heerenveen",2500000,21,31,1,9,10,2312,180,2,0,0,7,0,0,4,18,"Midfielder"
"178","Timo Letschert","Roda JC Kerkrade",3e+05,20,20,2,0,0,1563,180,0.5,0,0,5,1,1,2,2,"Defender"
"179","Jaroslav Navratil","Heracles Almelo",2e+05,22,1,2,0,0,8,180,1,0,0,0,0,0,1,0,"Forward"
"180","Christian Poulsen","AFC Ajax",1500000,34,29,0,1,3,1535,181,2,0,0,2,0,0,15,3,"Midfielder"
"181","Peter Wisgerhof","FC Twente Enschede",5e+05,34,1,0,0,0,3,181,5.5,0,0,1,0,0,1,0,"Defender"
"182","Boldizsár Bodor","NAC Breda",2e+05,32,17,0,0,1,1365,181,1,0,0,1,0,0,2,2,"Defender"
"183","Frank van der Struijk","Vitesse",7e+05,29,14,0,0,1,1020,181,6,0,0,1,0,0,2,5,"Defender"
"184","Rasmus Lindgren","FC Groningen",7e+05,29,21,1,0,0,1292,181,1.5,0,0,2,0,0,7,5,"Midfielder"
"185","Dusan Tadic","FC Twente Enschede",1e+07,25,33,1,16,15,2970,181,2,1,0,3,0,0,0,0,"Forward"
"186","Rydell Poepon","NAC Breda",1e+06,26,29,0,9,5,2284,181,1,0,0,3,0,0,1,11,"Forward"
"187","Danny Holla","ADO Den Haag",1250000,26,26,0,3,3,2262,181,2,1,1,6,0,0,0,4,"Midfielder"
"188","Jukka Raitala","sc Heerenveen",850000,25,2,2,0,0,145,181,2,1,0,1,0,0,0,1,"Defender"
"189","Jakob Jantscher","NEC Nijmegen",1500000,25,26,1,3,5,1833,181,1,1,0,2,0,0,4,12,"Forward"
"190","Rajiv van La Parra","sc Heerenveen",1500000,22,30,0,5,8,1753,181,3,0,0,4,0,0,11,11,"Forward"
"191","Giliano Wijnaldum","FC Groningen",1e+06,21,26,1,1,2,2127,181,1,0,0,5,0,0,3,1,"Defender"
"192","Dario Vujicevic","Heracles Almelo",6e+05,24,2,0,0,0,90,181,2,1,0,1,0,0,1,1,"Midfielder"
"193","Sjoerd Overgoor","Go Ahead Eagles Deventer",4e+05,25,34,1,0,3,2814,181,2,0,0,4,0,0,0,13,"Midfielder"
"194","Martijn de Zwart","ADO Den Haag",1e+05,23,3,0,0,0,172,181,3,0,0,0,0,0,3,0,"Goalkeeper"
"195","Uros Djurdjevic","Vitesse",1e+06,20,6,4,0,0,57,181,0.5,0,0,0,0,0,6,0,"Forward"
"196","Joshua Brenet","PSV Eindhoven",750000,20,12,2,0,0,1010,181,1,0,0,0,0,0,2,0,"Defender"
"197","Cedric Badjeck","FC Utrecht",250000,19,3,1,1,0,107,181,2,0,0,0,0,0,2,0,"Forward"
"198","Arnold Kruiswijk","sc Heerenveen",750000,29,27,0,0,0,2373,182,3,0,0,4,0,0,0,2,"Defender"
"199","Niklas Moisander","AFC Ajax",6500000,28,23,1,1,2,1986,182,2,1,0,0,0,0,1,0,"Defender"
"200","Ard van Peppen","Roda JC Kerkrade",750000,28,31,2,0,1,2732,182,1,0,0,5,1,0,0,2,"Defender"
"201","Paul Mulders","SC Cambuur-Leeuwarden",2e+05,33,3,0,0,0,38,182,0.5,0,0,0,0,0,3,0,"Midfielder"
"202","Kenneth Vermeer","AFC Ajax",4500000,28,10,1,0,0,855,182,9,0,0,0,0,0,0,1,"Goalkeeper"
"203","Peter Jungschläger","RKC Waalwijk",3e+05,29,21,1,0,2,1245,182,2,0,0,1,0,0,8,3,"Midfielder"
"204","Joey van den Berg","sc Heerenveen",9e+05,28,29,2,4,3,2222,182,1.5,0,0,6,0,1,3,6,"Midfielder"
"205","Christian Dorda","FC Utrecht",450000,25,16,1,0,0,1073,182,0.5,0,0,0,0,0,5,1,"Defender"
"206","Arnaud Sutchuin Djoum","Roda JC Kerkrade",6e+05,25,22,0,0,0,1605,182,5.5,0,0,1,0,0,3,5,"Midfielder"
"207","Ben Rienstra","Heracles Almelo",7e+05,23,32,0,1,2,2830,182,4,0,0,5,0,0,0,2,"Midfielder"
"208","Nick Viergever","AZ Alkmaar",4e+06,24,33,1,3,3,2892,182,4,0,1,3,0,1,0,0,"Defender"
"209","Adam Sarota","FC Utrecht",8e+05,25,15,3,0,0,1007,182,4,0,0,0,0,1,2,7,"Midfielder"
"210","Joël Veltman","AFC Ajax",3500000,22,24,4,2,2,2141,182,2,0,0,2,0,0,0,1,"Defender"
"211","Steven Berghuis","AZ Alkmaar",1e+06,22,25,3,8,6,1404,182,2,0,0,1,0,0,10,8,"Forward"
"212","Kyle Ebecilio","FC Twente Enschede",2e+06,20,34,3,7,3,2838,182,1,0,0,4,0,0,1,12,"Midfielder"
"213","Lucas Piazón","Vitesse",7e+06,20,29,0,11,8,2106,182,1,0,0,3,0,0,5,9,"Forward"
"214","Jorrit Hendrix","PSV Eindhoven",1e+06,19,20,3,0,3,1196,182,1,0,0,1,0,0,7,3,"Defender"
"215","Jairo Riedewald","AFC Ajax",250000,17,5,1,2,0,282,182,0.5,0,0,1,0,0,2,0,"Defender"
"216","Cihat Celik","NEC Nijmegen",1e+05,18,1,0,0,0,45,182,1,0,0,0,0,0,0,1,"Forward"
"217","Joris Mathijsen","Feyenoord Rotterdam",2500000,34,20,1,1,1,1634,183,2,0,0,3,0,0,1,5,"Defender"
"218","Sander Duits","RKC Waalwijk",6e+05,30,30,2,6,1,2623,183,4,0,0,8,1,0,0,4,"Midfielder"
"219","Henrico Drost","NAC Breda",6e+05,27,33,1,0,1,2938,183,1,0,1,1,0,0,0,2,"Defender"
"220","Otman Bakkal","Feyenoord Rotterdam",750000,29,8,0,0,1,107,183,1,0,0,0,0,0,8,0,"Midfielder"
"221","Andraz Kirm","FC Groningen",1600000,29,25,0,2,1,1242,183,2,1,0,3,0,0,10,8,"Forward"
"222","Milano Koenders","Heracles Almelo",5e+05,27,15,1,0,0,1184,183,2,0,0,5,0,1,1,2,"Defender"
"223","Christian Kum","sc Heerenveen",6e+05,28,21,0,0,0,1769,183,2,0,0,0,0,1,1,1,"Defender"
"224","Christian Supusepa","ADO Den Haag",3e+05,25,10,0,0,0,301,183,4,0,0,2,0,0,8,1,"Defender"
"225","Anco Jansen","Roda JC Kerkrade",5e+05,25,2,3,0,0,111,183,0.5,0,0,0,0,0,0,1,"Forward"
"226","Joeri De Kamps","sc Heerenveen",3e+05,22,12,0,0,0,433,183,1,0,0,2,0,0,8,2,"Midfielder"
"227","Stefano Marzo","sc Heerenveen",4e+05,23,14,0,0,1,1058,183,1,0,0,2,0,0,3,2,"Defender"
"228","Mart Dijkstra","SC Cambuur-Leeuwarden",250000,23,14,1,1,0,577,183,3,0,0,2,0,0,9,3,"Defender"
"229","Mateusz Klich","PEC Zwolle",2e+06,23,30,1,4,9,2464,183,1,0,0,3,0,0,2,7,"Midfielder"
"230","Bart Biemans","Roda JC Kerkrade",5e+05,26,24,0,0,0,2084,183,2,0,0,6,1,0,0,2,"Defender"
"231","Bob Schepers","SC Cambuur-Leeuwarden",4e+05,22,17,0,1,0,533,183,0.5,0,0,0,0,0,13,3,"Forward"
"232","Ricardo van Rhijn","AFC Ajax",4500000,22,32,1,2,3,2787,183,2.5,0,0,5,0,1,1,1,"Defender"
"233","Kevin Jansen","ADO Den Haag",8e+05,22,3,1,0,0,206,183,2,1,0,0,0,0,0,1,"Midfielder"
"234","Terence Kongolo","Feyenoord Rotterdam",5e+05,20,17,1,0,1,1349,183,2,0,0,2,0,0,2,1,"Defender"
"235","Valeri Qazaishvili","Vitesse",8e+05,21,26,1,4,2,1187,183,3,0,0,1,0,0,15,8,"Midfielder"
"236","Ricardo Kishna","AFC Ajax",2e+05,19,8,2,1,2,387,183,0.5,0,0,0,0,0,3,5,"Forward"
"237","Uche Nwofor","sc Heerenveen",9e+05,22,3,0,0,0,73,183,1,0,0,0,0,0,3,0,"Forward"
"238","Mitchel Paulissen","Roda JC Kerkrade",2e+05,21,15,1,1,0,780,183,1,0,0,3,0,0,6,9,"Midfielder"
"239","Romano van der Stoep","FC Utrecht",2e+05,19,2,0,0,0,26,183,1,0,0,0,0,0,2,0,"Forward"
"240","Joost Broerse","PEC Zwolle",4e+05,34,27,1,2,1,2047,184,2,0,1,6,0,0,3,7,"Defender"
"241","Ramon Zomer","sc Heerenveen",750000,31,7,0,0,0,316,184,3,0,0,2,0,0,4,1,"Defender"
"242","Kenny van Hoevelen","RKC Waalwijk",5e+05,30,26,0,1,1,2242,184,1,0,0,3,1,0,0,4,"Defender"
"243","Simon Poulsen","AZ Alkmaar",1e+06,29,10,1,0,0,674,184,0.5,0,0,1,0,0,3,1,"Defender"
"244","Sören Rieks","NEC Nijmegen",1250000,27,28,1,7,5,2380,184,2,1,0,4,0,0,0,8,"Midfielder"
"245","Mitchell Donald","Roda JC Kerkrade",1300000,25,30,0,6,4,2543,184,3,0,0,3,0,0,0,9,"Midfielder"
"246","Guyon Fernandez","PEC Zwolle",6e+05,28,24,0,10,0,1381,184,1,0,0,1,0,0,9,10,"Forward"
"247","Mohamed El Makrini","SC Cambuur-Leeuwarden",450000,26,32,1,1,2,2783,184,3,0,0,7,0,0,1,3,"Midfielder"
"248","Guy Ramos","Roda JC Kerkrade",350000,28,11,1,0,0,793,184,1,0,0,0,2,0,2,1,"Defender"
"249","Oliver Feldballe","SC Cambuur-Leeuwarden",3e+05,24,16,1,0,1,509,184,1,0,0,0,0,0,9,7,"Forward"
"250","Imad Najah","RKC Waalwijk",4e+05,23,5,1,0,0,345,184,2,0,0,1,0,0,2,1,"Midfielder"
"251","Leonard Nienhuis","SC Cambuur-Leeuwarden",5e+05,24,31,1,0,0,2773,184,1,0,0,1,0,0,0,1,"Goalkeeper"
"252","Alfred Finnbogason","sc Heerenveen",9e+06,25,31,1,29,10,2790,184,2,0,0,2,0,0,0,0,"Forward"
"253","Uros Matic","NAC Breda",450000,23,14,2,0,0,1246,184,0.5,0,0,0,0,0,0,1,"Midfielder"
"254","Danny Verbeek","NAC Breda",6e+05,23,28,0,5,1,1484,184,2,0,0,3,0,0,7,18,"Forward"
"255","Bruno Martins Indi","Feyenoord Rotterdam",6e+06,22,26,2,2,1,2280,184,4,0,0,1,0,0,0,3,"Defender"
"256","Aron Jóhannsson","AZ Alkmaar",4e+06,23,32,3,17,6,2482,184,1.5,1,0,3,0,0,2,13,"Forward"
"257","Abel Tamata","PSV Eindhoven",6e+05,23,8,1,0,0,504,184,3,1,0,0,0,0,3,1,"Defender"
"258","Bart Schenkeveld","Heracles Almelo",5e+05,22,31,1,0,0,2538,184,2,0,0,4,1,0,2,4,"Defender"
"259","Trent Sainsbury","PEC Zwolle",750000,22,1,2,0,0,71,184,0.5,0,0,0,0,0,0,1,"Defender"
"260","Lucas Andersen","AFC Ajax",750000,19,9,2,0,0,407,184,2,0,0,0,0,0,5,3,"Midfielder"
"261","Oscar Hiljemark","PSV Eindhoven",2500000,21,27,3,2,1,1899,184,1.5,0,0,2,0,0,6,4,"Midfielder"
"262","Thijs van Hofwegen","FC Utrecht",75000,21,2,0,0,0,20,184,3,1,0,0,0,0,2,0,"Defender"
"263","Kenny van der Weg","NAC Breda",4e+05,23,22,2,1,0,1779,184,2,0,0,6,0,0,2,3,"Defender"
"264","Frank van Mosselveld","RKC Waalwijk",4e+05,30,13,1,0,0,719,185,8,0,0,3,1,0,6,1,"Defender"
"265","Kevin Begois","PEC Zwolle",350000,31,12,1,0,0,962,185,1,0,0,1,0,0,1,2,"Goalkeeper"
"266","Timothy Derijck","FC Utrecht",1e+06,26,16,0,0,0,1295,185,1,0,0,1,0,0,2,0,"Defender"
"267","Martijn Barto","SC Cambuur-Leeuwarden",3e+05,29,24,2,8,2,1349,185,3,0,0,1,0,0,9,6,"Forward"
"268","Aurélien Joachim","RKC Waalwijk",5e+05,27,32,1,6,4,2480,185,1,1,0,0,0,0,4,6,"Forward"
"269","Lasse Nielsen","NEC Nijmegen",750000,26,13,3,1,0,1051,185,0.5,0,0,1,0,0,1,3,"Defender"
"270","Mickaël Tavares","RKC Waalwijk",3e+05,31,7,0,0,0,446,185,1,0,0,1,0,0,2,1,"Midfielder"
"271","Siem de Jong","AFC Ajax",1e+07,25,19,1,7,2,1233,185,7,0,0,1,0,0,3,9,"Midfielder"
"272","Kolbeinn Sigthórsson","AFC Ajax",4e+06,24,30,1,10,2,1949,185,3,0,0,0,0,0,10,15,"Forward"
"273","Guram Kashia","Vitesse",4e+06,27,32,2,2,3,2821,185,4,0,0,9,0,0,0,2,"Defender"
"274","Daryl Janmaat","Feyenoord Rotterdam",5e+06,24,30,1,2,5,2636,185,2,0,0,2,0,0,0,4,"Defender"
"275","Samir Fazli","sc Heerenveen",2e+05,23,6,0,0,0,182,185,5,0,0,2,0,0,5,0,"Forward"
"276","Nicolai Boilesen","AFC Ajax",1500000,22,20,2,1,2,1440,185,3,0,0,3,0,0,3,6,"Defender"
"277","Kevin Conboy","NEC Nijmegen",8e+05,26,33,1,4,3,2903,185,3,0,0,5,0,0,0,4,"Defender"
"278","Davy Pröpper","Vitesse",3500000,22,33,1,6,5,2878,185,5,0,0,3,0,0,1,3,"Midfielder"
"279","Edwin Gyasi","Heracles Almelo",6e+05,22,2,1,0,0,21,185,1,0,0,0,0,0,2,0,"Forward"
"280","Dion Malone","ADO Den Haag",450000,25,32,1,1,5,2810,185,2,0,0,5,1,0,0,2,"Defender"
"281","Cuco Martina","FC Twente Enschede",6e+05,24,16,2,1,0,1014,185,1,0,0,0,0,0,6,0,"Defender"
"282","Joey Suk","NAC Breda",5e+05,24,17,3,2,0,679,185,1,0,0,0,0,1,10,3,"Midfielder"
"283","Patrick ter Mate","Go Ahead Eagles Deventer",75000,22,1,0,0,0,90,185,3,0,0,0,0,0,0,0,"Goalkeeper"
"284","Mark Uth","Heracles Almelo",5e+05,22,28,0,8,3,2134,185,1,0,0,4,0,0,2,10,"Forward"
"285","Torgeir Börven","FC Twente Enschede",9e+05,22,12,4,3,1,482,185,0.5,0,0,0,0,0,9,1,"Forward"
"286","Juan Agudelo","FC Utrecht",1e+06,21,14,0,3,3,887,185,0.5,1,0,2,0,0,6,2,"Forward"
"287","Marten de Roon","sc Heerenveen",1e+06,23,31,1,3,0,2711,185,2,0,0,7,0,0,1,1,"Midfielder"
"288","Stefano Denswil","AFC Ajax",2500000,20,17,1,1,0,1351,185,2,0,1,1,0,0,2,1,"Defender"
"289","Davy Klaassen","AFC Ajax",3500000,21,26,4,10,3,2086,185,2,0,0,1,0,0,3,3,"Midfielder"
"290","Luka Djordjevic","FC Twente Enschede",1200000,19,14,0,0,2,233,185,1,1,0,2,0,0,13,1,"Forward"
"291","Tim Hölscher","FC Twente Enschede",5e+05,19,1,3,0,0,23,185,1,0,0,0,0,0,1,0,"Midfielder"
"292","Hans Hateboer","FC Groningen",1e+05,20,14,3,0,2,1194,185,2,0,1,4,0,1,1,0,"Defender"
"293","Michael Lamey","RKC Waalwijk",250000,34,15,1,1,0,988,186,2,0,0,5,0,0,4,2,"Defender"
"294","Michael Higdon","NEC Nijmegen",750000,30,32,1,14,7,2524,186,1,0,0,6,0,0,4,6,"Forward"
"295","Willem Janssen","FC Utrecht",2e+06,27,7,4,1,1,431,186,0,0,0,1,0,0,1,3,"Midfielder"
"296","Jacob Mulenga","FC Utrecht",2500000,30,16,0,5,1,968,186,5,0,0,0,0,0,6,2,"Forward"
"297","Jordy Buijs","NAC Breda",8e+05,25,32,0,6,5,2869,186,3,0,0,4,0,0,0,1,"Midfielder"
"298","Robert Zwinkels","ADO Den Haag",250000,31,6,0,0,0,540,186,9,0,0,0,0,0,0,0,"Goalkeeper"
"299","Rasmus Bengtsson","FC Twente Enschede",2500000,27,28,1,5,1,2350,186,4,0,0,7,0,1,1,3,"Defender"
"300","Jan-Arie van der Heijden","Vitesse",3500000,26,32,1,0,2,2841,186,3,0,0,7,0,0,0,2,"Defender"
"301","Marko Vejinovic","Vitesse",2e+06,24,30,3,2,2,2133,186,1,0,0,4,0,0,6,4,"Midfielder"
"302","Maikel van der Werff","PEC Zwolle",3e+05,25,24,1,1,1,1839,186,1.5,0,2,1,0,0,4,4,"Defender"
"303","Victor Pálsson","NEC Nijmegen",7e+05,23,23,2,2,2,1887,186,1,0,0,3,0,1,3,0,"Midfielder"
"304","Dan Mori","Vitesse",6e+05,25,4,1,1,0,360,186,2,0,0,2,0,0,0,0,"Defender"
"305","Prince Gouano","RKC Waalwijk",5e+05,20,20,0,0,0,1730,186,1,0,0,1,0,0,0,2,"Defender"
"306","Gyliano van Velzen","FC Utrecht",150000,20,5,2,0,0,224,186,1,1,0,0,0,0,3,1,"Forward"
"307","Karim Rekik","PSV Eindhoven",2500000,19,25,0,1,0,2197,186,1,0,0,7,0,0,0,3,"Defender"
"308","Danzell Gravenberch","NEC Nijmegen",250000,20,6,0,0,0,288,186,0.5,0,0,0,0,0,4,1,"Defender"
"309","Richairo Zivkovic","FC Groningen",2500000,17,29,2,10,0,1350,186,1,0,0,2,0,0,17,4,"Forward"
"310","Alexander Christovao","SC Cambuur-Leeuwarden",150000,21,7,0,0,0,232,186,1,0,0,0,0,0,5,1,"Forward"
"311","Jelle ten Rouwelaar","NAC Breda",8e+05,33,34,2,0,0,3060,187,7,0,0,2,0,0,0,0,"Goalkeeper"
"312","Remko Pasveer","Heracles Almelo",1250000,30,33,0,0,0,2970,187,8,0,0,2,0,0,0,0,"Goalkeeper"
"313","Wesley Verhoek","Feyenoord Rotterdam",1e+06,27,6,2,0,0,161,187,2,1,0,1,0,0,5,1,"Forward"
"314","Lex Immers","Feyenoord Rotterdam",2500000,27,33,2,12,6,2906,187,2,0,0,5,0,0,0,4,"Midfielder"
"315","Stef Nijland","PEC Zwolle",7e+05,25,24,2,2,1,999,187,1,1,0,3,0,0,15,6,"Forward"
"316","Paco van Moorsel","SC Cambuur-Leeuwarden",3e+05,24,23,0,1,1,1185,187,1,1,0,3,0,0,9,10,"Midfielder"
"317","Ramon Leeuwin","SC Cambuur-Leeuwarden",5e+05,26,32,1,3,0,2782,187,1,0,0,3,0,0,0,3,"Defender"
"318","Jeroen Veldmate","Heracles Almelo",4e+05,25,19,1,1,1,1460,187,2,0,0,2,0,1,2,3,"Defender"
"319","Erik Falkenburg","Go Ahead Eagles Deventer",850000,26,31,0,9,2,2621,187,1,0,0,5,0,0,1,8,"Midfielder"
"320","Nemanja Gudelj","AZ Alkmaar",4e+06,22,29,3,5,3,2451,187,1,0,0,5,0,1,0,4,"Midfielder"
"321","Gévero Markiet","FC Utrecht",3e+05,23,20,2,1,0,1661,187,1.5,0,0,1,0,0,2,1,"Defender"
"322","Luc Castaignos","FC Twente Enschede",6e+06,21,31,2,14,5,2626,187,2,0,0,4,0,1,0,13,"Forward"
"323","Jeffrey Gouweleeuw","AZ Alkmaar",2500000,22,33,4,1,0,2970,187,1,0,0,2,0,0,0,0,"Defender"
"324","Karl-Johan Johnsson","NEC Nijmegen",5e+05,24,29,2,0,0,2529,187,1.5,0,0,0,0,0,1,0,"Goalkeeper"
"325","Markus Henriksen","AZ Alkmaar",2500000,21,26,3,2,0,1389,187,2,0,0,0,0,0,12,4,"Midfielder"
"326","Kenny Otigba","sc Heerenveen",1250000,21,24,2,5,0,2001,187,2,0,0,6,0,1,2,0,"Defender"
"327","Yanic Wildschut","ADO Den Haag",1e+06,22,25,0,2,1,851,187,0.5,0,0,0,0,0,20,5,"Forward"
"328","Mats Seuntjes","NAC Breda",5e+05,22,27,2,1,3,1780,187,3,0,0,6,0,0,8,8,"Midfielder"
"329","Robert van Boxel","SC Cambuur-Leeuwarden",150000,31,7,0,0,0,198,188,1,0,0,1,0,0,5,2,"Defender"
"330","Jonas Ivens","RKC Waalwijk",6e+05,29,10,0,0,0,518,188,1,0,0,1,0,1,5,1,"Defender"
"331","Berry Powel","Roda JC Kerkrade",6e+05,34,11,0,1,2,587,188,0.5,0,0,1,0,0,5,1,"Forward"
"332","Aleksei Kangaskolkka","Heracles Almelo",250000,25,4,1,0,0,87,188,1,0,0,1,0,0,3,1,"Forward"
"333","Bryan Ruiz","PSV Eindhoven",8e+06,28,14,0,5,3,1125,188,0.5,0,0,0,0,0,1,5,"Forward"
"334","Vito Wormgoor","ADO Den Haag",7e+05,25,25,2,0,0,1961,188,2,0,0,3,0,0,3,2,"Defender"
"335","Marcel Stutter","NEC Nijmegen",2e+05,26,10,0,0,2,363,188,2,1,0,1,0,0,7,1,"Midfielder"
"336","Tim Matavz","PSV Eindhoven",5e+06,25,15,2,2,3,679,188,3,0,0,1,0,0,8,3,"Forward"
"337","Andreas Bjelland","FC Twente Enschede",3e+06,25,33,2,0,2,2926,188,2,0,0,3,0,0,0,4,"Defender"
"338","Rens van Eijden","NEC Nijmegen",7e+05,26,29,2,3,0,2587,188,5,0,1,5,2,0,0,1,"Defender"
"339","Jop van der Linden","Go Ahead Eagles Deventer",4e+05,23,31,1,4,2,2740,188,2,0,1,2,0,0,0,5,"Defender"
"340","Dennis Telgenkamp","Heracles Almelo",350000,26,1,2,0,0,90,188,6,0,0,0,0,0,0,0,"Goalkeeper"
"341","Tobias Haitz","NEC Nijmegen",350000,22,10,1,0,0,777,188,1,0,1,2,1,0,1,1,"Defender"
"342","Bart Vriends","Go Ahead Eagles Deventer",3e+05,22,32,2,0,0,2880,188,1,0,0,5,0,0,0,0,"Defender"
"343","Jos Peltzer","RKC Waalwijk",1e+05,22,3,0,0,0,17,188,2,0,0,0,0,0,3,0,"Forward"
"344","Jasper Cillessen","AFC Ajax",5e+06,25,25,2,0,0,2205,188,3,0,0,0,0,0,1,0,"Goalkeeper"
"345","Filip Bednarek","FC Twente Enschede",150000,21,1,1,0,0,45,188,4,0,0,0,0,0,1,0,"Goalkeeper"
"346","Nick Marsman","FC Twente Enschede",2e+06,23,34,3,0,0,3060,188,3,0,1,2,0,0,0,0,"Goalkeeper"
"347","Wilfried Kanon","ADO Den Haag",5e+05,20,9,1,0,0,43,188,1,0,0,0,0,0,9,0,"Defender"
"348","Mike van der Hoorn","AFC Ajax",2e+06,21,3,3,0,0,183,188,1,0,0,0,0,0,1,0,"Defender"
"349","Robin Buwalda","ADO Den Haag",1e+05,19,2,2,0,0,19,188,1,0,0,0,0,0,2,0,"Defender"
"350","Xandro Schenk","Go Ahead Eagles Deventer",4e+05,21,30,1,3,1,2502,188,1,0,1,4,0,0,1,7,"Defender"
"351","Kees Kwakman","NAC Breda",8e+05,30,28,1,3,1,2358,189,1,0,0,2,0,0,2,0,"Defender"
"352","Nick van der Velden","FC Groningen",6e+05,32,19,1,6,8,1411,189,1,0,0,3,0,0,2,9,"Midfielder"
"353","Jan Wuytens","AZ Alkmaar",2e+06,28,26,3,0,1,2210,189,1,0,0,7,0,0,1,4,"Defender"
"354","Piet Velthuizen","Vitesse",4e+06,27,34,2,0,0,3060,189,3,0,0,2,0,0,0,0,"Goalkeeper"
"355","Evander Sno","RKC Waalwijk",8e+05,27,23,0,4,1,1940,189,1,1,0,3,0,0,0,7,"Midfielder"
"356","Jan Seda","RKC Waalwijk",4e+05,28,23,0,0,0,2025,189,1,0,0,0,0,0,0,1,"Goalkeeper"
"357","Arjan van Dijk","RKC Waalwijk",2e+05,27,12,1,0,0,1035,189,4,0,0,0,0,0,1,0,"Goalkeeper"
"358","Zanka","PSV Eindhoven",1500000,24,9,2,0,0,382,189,2,0,0,1,0,0,6,0,"Defender"
"359","Etiënne Reijnen","AZ Alkmaar",6e+05,27,9,0,0,1,683,189,3.5,0,0,1,0,0,1,1,"Defender"
"360","Jeroen Zoet","PSV Eindhoven",5e+06,23,29,3,0,0,2571,189,5,0,0,0,0,0,0,1,"Goalkeeper"
"361","Jeffrey Bruma","PSV Eindhoven",3e+06,22,31,3,4,1,2757,189,1,0,0,8,1,0,0,0,"Defender"
"362","Darryl Lachman","PEC Zwolle",1e+06,24,24,0,0,1,1994,189,3,0,0,3,0,0,2,1,"Defender"
"363","Stefan de Vrij","Feyenoord Rotterdam",6e+06,22,32,1,4,1,2842,189,4.5,0,0,2,1,0,0,1,"Defender"
"364","Stephan Andersen","Go Ahead Eagles Deventer",1e+06,32,13,0,0,0,1170,190,0.5,0,0,0,0,0,0,0,"Goalkeeper"
"365","Ronald Graafland","Feyenoord Rotterdam",50000,35,1,0,0,0,15,190,3,0,0,0,0,0,1,0,"Goalkeeper"
"366","Marnix Kolder","Go Ahead Eagles Deventer",4e+05,33,31,1,7,4,2334,190,3,0,0,1,0,0,5,5,"Forward"
"367","Kees Luijckx","Roda JC Kerkrade",8e+05,28,28,2,2,0,2325,190,1,0,0,6,1,0,2,2,"Defender"
"368","Vasil Shkurtaj","Roda JC Kerkrade",3e+05,22,8,0,1,1,239,190,1,1,0,0,0,0,5,3,"Forward"
"369","Kristoffer Nordfeldt","sc Heerenveen",2500000,24,33,1,0,1,2965,190,2.5,0,0,0,0,0,0,1,"Goalkeeper"
"370","Eloy Room","Vitesse",750000,25,20,1,0,0,1800,190,6,0,0,0,0,0,0,0,"Goalkeeper"
"371","Kai Heerings","FC Utrecht",7e+05,24,28,1,1,1,2461,190,2,0,0,6,0,0,0,2,"Defender"
"372","Dave Bulthuis","FC Utrecht",1250000,23,24,2,4,1,2148,190,3,0,0,6,1,0,0,1,"Defender"
"373","Sven van Beek","Feyenoord Rotterdam",5e+05,19,10,2,0,0,448,190,1,0,1,1,0,0,6,0,"Defender"
"374","Frank Demouge","Roda JC Kerkrade",5e+05,31,19,1,2,3,638,191,1,0,0,3,0,2,17,0,"Forward"
"375","Mitchell te Vrede","Feyenoord Rotterdam",750000,22,14,2,4,0,526,191,2,0,0,1,0,0,9,2,"Forward"
"376","Mike te Wierik","Heracles Almelo",6e+05,21,27,1,2,0,2398,191,4,0,0,5,1,0,0,3,"Defender"
"377","Jürgen Locadia","PSV Eindhoven",3e+06,20,31,3,13,5,2300,191,2,0,0,2,0,0,5,9,"Forward"
"378","Mawouna Amevor","Go Ahead Eagles Deventer",2e+05,22,22,1,1,2,1088,191,1,0,0,4,0,0,11,1,"Defender"
"379","Viktor Elm","AZ Alkmaar",3e+06,28,30,2.5,3,0,1948,192,2,0,0,2,0,0,6,10,"Midfielder"
"380","Denni Avdic","AZ Alkmaar",9e+05,25,13,2,0,0,442,192,1,0,0,2,0,0,10,2,"Forward"
"381","Nils Röseler","FC Twente Enschede",6e+05,22,2,0,0,0,11,192,1,1,0,0,0,0,2,0,"Defender"
"382","Harm Zeinstra","SC Cambuur-Leeuwarden",1e+05,24,4,0,0,0,287,192,1,0,0,0,0,0,1,0,"Goalkeeper"
"383","Geoffrey Castillion","NEC Nijmegen",5e+05,22,7,0,2,1,389,192,0.5,0,0,1,0,0,3,0,"Forward"
"384","Filip Kurto","Roda JC Kerkrade",5e+05,22,34,0,0,0,3060,192,2,0,1,1,0,0,0,0,"Goalkeeper"
"385","Tom Beugelsdijk","ADO Den Haag",750000,23,30,0,4,3,2598,192,4,0,0,11,0,0,1,3,"Defender"
"386","Jean-David Beauguel","RKC Waalwijk",3e+05,22,28,1,4,2,1083,192,1,0,0,5,0,0,18,7,"Forward"
"387","Stipe Perica","NAC Breda",1e+06,18,25,0,6,1,842,192,1,0,0,2,0,1,20,1,"Forward"
"388","Boris Rasevic","PEC Zwolle",50000,19,2,0,0,0,28,192,1,0,0,0,0,0,2,0,"Midfielder"
"389","Matthieu Delpierre","FC Utrecht",1e+06,33,14,0,0,1,1221,193,0.5,0,0,2,0,0,0,2,"Defender"
"390","Robert Braber","RKC Waalwijk",5e+05,31,28,1,3,3,2067,193,4,0,0,1,0,0,6,3,"Midfielder"
"391","Graziano Pellè","Feyenoord Rotterdam",6500000,28,28,3,23,6,2503,193,1,0,0,4,0,1,0,1,"Forward"
"392","Michiel Hemmen","SC Cambuur-Leeuwarden",5e+05,26,26,1,7,1,1548,193,2,0,0,2,0,0,12,4,"Forward"
"393","Eric Botteghin","FC Groningen",1500000,26,34,2,2,3,3031,193,1,0,0,5,0,1,0,0,"Defender"
"394","Erwin Mulder","Feyenoord Rotterdam",2500000,25,32,1,0,0,2880,193,7,0,0,3,0,0,0,0,"Goalkeeper"
"395","Wiljan Pluim","Roda JC Kerkrade",6e+05,25,23,0,2,1,1550,193,3,0,0,1,0,0,4,11,"Midfielder"
"396","Marco Bizot","FC Groningen",1500000,23,34,2,0,0,3060,193,2,0,0,2,0,0,0,0,"Goalkeeper"
"397","Esteban","AZ Alkmaar",3e+06,25,34,1,0,0,3060,193,4,0,0,2,0,0,0,0,"Goalkeeper"
"398","Mike van Duinen","ADO Den Haag",1500000,22,33,2,8,2,2934,193,3,1,0,6,0,0,0,2,"Forward"
"399","Mitchell Dijks","sc Heerenveen",1e+06,21,24,0,0,0,1729,193,1,0,0,3,0,2,3,3,"Defender"
"400","Diederik Boer","PEC Zwolle",5e+05,33,22,2,0,0,1906,194,10,0,0,1,0,0,0,1,"Goalkeeper"
"401","Mike Havenaar","Vitesse",2500000,26,32,0,10,7,2438,194,2.5,0,0,2,0,0,4,8,"Forward"
"402","Przemyslaw Tyton","PSV Eindhoven",3e+06,27,6,2,0,0,489,195,2,0,0,0,0,0,1,0,"Goalkeeper"
"403","Michiel Kramer","ADO Den Haag",4e+05,25,26,2,7,4,1461,195,1,0,0,5,0,0,11,6,"Forward"
"404","Ryan Koolwijk","NEC Nijmegen",1200000,28,22,0,1,5,1538,195,3,0,0,4,1,1,3,7,"Midfielder"
"405","Leon ter Wielen","PEC Zwolle",150000,25,3,0,0,0,192,195,4,0,0,0,0,0,2,0,"Goalkeeper"
"406","Jeroen Verhoeven","FC Utrecht",150000,34,4,1,0,0,360,196,2,0,0,0,0,0,0,0,"Goalkeeper"
"407","Brian Vandenbussche","sc Heerenveen",8e+05,32,2,0,0,0,95,196,10,0,0,0,0,0,1,0,"Goalkeeper"
"408","Robbin Ruiter","FC Utrecht",2e+06,27,30,2,0,0,2700,196,2,0,0,1,0,0,0,0,"Goalkeeper"
"409","Jens Streutker","Heracles Almelo",2e+05,21,11,0,1,0,606,196,1,0,0,0,0,0,4,2,"Defender"
"410","Bahnou Diarra","NEC Nijmegen",2e+05,20,4,1,0,0,180,175,1,0,0,0,0,0,2,2,"Midfielder"
"411","Daley Sinkgraven","sc Heerenveen",1e+05,18,15,3,0,4,559,179,1,0,0,1,0,0,10,3,"Midfielder"
"412","Wesley Hoedt","AZ Alkmaar",1e+05,20,1,1,0,0,45,192,1,0,0,0,0,0,1,0,"Defender"
"413","Jordy van der Winden","FC Utrecht",1e+05,20,2,1,0,0,135,176,1,0,0,0,0,0,0,1,"Defender"
"414","Arjen Hagenauw","FC Groningen",50000,19,1,1,0,0,1,188,1,0,0,0,0,0,1,0,"Forward"
"415","Sean Klaiber","FC Utrecht",1e+05,19,2,1,0,0,74,184,1,0,0,0,0,0,1,1,"Midfielder"
"416","Ingo van Weert","RKC Waalwijk",250000,20,11,1,0,1,877,185,1,0,0,2,1,0,1,2,"Defender"
"417","Aleksandar Bjelica","FC Utrecht",1e+05,20,6,1,0,0,92,180,1,0,0,0,0,0,6,0,"Defender"
